{"train_Accuracy": 0.10005555555555555, "train_Loss ": NaN, "val_Accuracy": 0.0995, "val_loss": NaN, "_timestamp": 1710003447.9757974, "_runtime": 162.8789484500885, "_step": 2, "_wandb": {"runtime": 167}}