{"train_Accuracy": 0.2215925925925926, "train_Loss ": 1.977693943473756, "val_Accuracy": 0.22233333333333333, "val_loss": 1.8729843982577665, "_timestamp": 1710568863.6020322, "_runtime": 302.87097907066345, "_step": 2, "_wandb": {"runtime": 301}}