{"loss": Infinity, "Accuracy": 0.5224666666666666, "_timestamp": 1709385082.2925253, "_runtime": 214.5019302368164, "_step": 4, "_wandb": {"runtime": 213}}