{"train_Accuracy": 0.10024074074074074, "train_Loss ": 2.3029344236049267, "val_Accuracy": 0.09783333333333333, "val_loss": 2.3034265264803775, "_timestamp": 1710001129.3263998, "_runtime": 92.46740579605103, "_step": 4, "_wandb": {"runtime": 91}}