{"train_Accuracy": 0.10005555555555555, "train_Loss ": NaN, "val_Accuracy": 0.0995, "val_loss": NaN, "_timestamp": 1709986113.003775, "_runtime": 50.409116983413696, "_step": 0, "_wandb": {"runtime": 61}}