{"train_Accuracy": 0.06061111111111111, "train_Loss ": 2.302585099946278, "val_Accuracy": 0.060833333333333336, "val_loss": 2.3025851021052515, "_timestamp": 1710003138.1177375, "_runtime": 32.63569664955139, "_step": 1, "_wandb": {"runtime": 36}}