{"train_Accuracy": 0.21022222222222223, "train_Loss ": 2.014146659932285, "val_Accuracy": 0.19966666666666666, "val_loss": 1.9072961295503368, "_timestamp": 1710527704.8956625, "_runtime": 231.0845024585724, "_step": 4, "_wandb": {"runtime": 230}}