{"train_Accuracy": 0.08822222222222222, "train_Loss ": 2.302585136933544, "val_Accuracy": 0.08566666666666667, "val_loss": 2.3025851398855983, "_timestamp": 1710000870.9911509, "_runtime": 79.83016777038574, "_step": 2, "_wandb": {"runtime": 78}}