{"train_Accuracy": 0.8292592592592593, "train_Loss ": 0.497076841310172, "val_Accuracy": 0.8248333333333333, "val_loss": 0.5000818674245018, "_timestamp": 1709989800.4603755, "_runtime": 89.30724048614502, "_step": 4, "_wandb": {"runtime": 88}}