{"train_Accuracy": 0.8874814814814814, "train_Loss ": 0.30805410898933877, "val_Accuracy": 0.8748333333333334, "val_loss": 0.3491454046704504, "_timestamp": 1709991779.259739, "_runtime": 257.2211630344391, "_step": 4, "_wandb": {"runtime": 256}}