{"train_Accuracy": 0.12524074074074074, "train_Loss ": 2.302585080562062, "val_Accuracy": 0.12083333333333333, "val_loss": 2.3025850813641577, "_timestamp": 1710002789.1724916, "_runtime": 123.51002645492554, "_step": 4, "_wandb": {"runtime": 122}}