{"train_Accuracy": 0.09975925925925926, "train_Loss ": 2.3440839500046375, "val_Accuracy": 0.09766666666666667, "val_loss": 2.343079961816485, "_timestamp": 1710002642.9276357, "_runtime": 131.68607568740845, "_step": 4, "_wandb": {"runtime": 130}}