{"train_Accuracy": 0.04388888888888889, "train_Loss ": 2.440014167166937, "val_Accuracy": 0.04566666666666667, "val_loss": 2.4395019632503288, "_timestamp": 1710000591.6238408, "_runtime": 94.10873079299927, "_step": 2, "_wandb": {"runtime": 92}}