{"train_Accuracy": 0.09074074074074075, "train_Loss ": 2.302584625690811, "val_Accuracy": 0.08683333333333333, "val_loss": 2.3025846140602653, "_timestamp": 1709993816.2718115, "_runtime": 122.7907965183258, "_step": 2, "_wandb": {"runtime": 121}}