{"train_Accuracy": 0.9082962962962963, "train_Loss ": 0.2505525709689207, "val_Accuracy": 0.8853333333333333, "val_loss": 0.31935028354417233, "_timestamp": 1710048909.0023682, "_runtime": 257.0528562068939, "_step": 9, "_wandb": {"runtime": 257}}