{"train_Accuracy": 0.10401851851851852, "train_Loss ": 2.301889426192171, "val_Accuracy": 0.10083333333333333, "val_loss": 2.301620742164216, "_timestamp": 1710000165.0105407, "_runtime": 52.82202363014221, "_step": 2, "_wandb": {"runtime": 51}}