{"train_Accuracy": 0.10005555555555555, "train_Loss ": NaN, "val_Accuracy": 0.0995, "val_loss": NaN, "_timestamp": 1709988336.331002, "_runtime": 141.58066606521606, "_step": 4, "_wandb": {"runtime": 140}}