{"train_Accuracy": 0.8768148148148148, "train_Loss ": 0.34142108872117577, "val_Accuracy": 0.8676666666666667, "val_loss": 0.35697526641855315, "_timestamp": 1710050000.6826785, "_runtime": 49.47253751754761, "_step": 1, "_wandb": {"runtime": 48}}