{"train_Accuracy": 0.10092592592592593, "train_Loss ": 59.79028458859662, "val_Accuracy": 0.09166666666666666, "val_loss": 60.36370129814292, "_timestamp": 1710526478.382136, "_runtime": 119.9805200099945, "_step": 2, "_wandb": {"runtime": 119}}