{"train_Accuracy": 0.0997962962962963, "train_Loss ": 2.3031687509596614, "val_Accuracy": 0.10183333333333333, "val_loss": 2.303204412244652, "_timestamp": 1709988922.005308, "_runtime": 71.8547739982605, "_step": 4, "_wandb": {"runtime": 70}}