{"train_Accuracy": 0.10005555555555555, "train_Loss ": NaN, "val_Accuracy": 0.0995, "val_loss": NaN, "_timestamp": 1710527949.0136116, "_runtime": 233.18728065490723, "_step": 4, "_wandb": {"runtime": 232}}