{"train_Accuracy": 0.8398703703703704, "train_Loss ": 0.4608296203175299, "val_Accuracy": 0.8323333333333334, "val_loss": 0.4740738278184178, "_timestamp": 1709993210.3374715, "_runtime": 299.8298795223236, "_step": 4, "_wandb": {"runtime": 298}}