{"train_Accuracy": 0.8882592592592593, "train_Loss ": 0.3017734571921094, "val_Accuracy": 0.8801666666666667, "val_loss": 0.34163449028678133, "_timestamp": 1709991320.2998211, "_runtime": 357.27319407463074, "_step": 4, "_wandb": {"runtime": 355}}