{"loss": 2.302622227178518, "Accuracy": 0.09961111111111111, "_timestamp": 1709972287.575596, "_runtime": 25.708028078079224, "_step": 0, "_wandb": {"runtime": 31}}