{"train_Accuracy": 0.09548148148148149, "train_Loss ": 2.3343671127206895, "val_Accuracy": 0.09766666666666667, "val_loss": 2.336165424784849, "_timestamp": 1709989010.3631904, "_runtime": 66.20957231521606, "_step": 4, "_wandb": {"runtime": 65}}