{"train_Accuracy": 0.10024074074074074, "train_Loss ": 2.457767542841961, "val_Accuracy": 0.09783333333333333, "val_loss": 2.4527925181101455, "_timestamp": 1709995918.5578966, "_runtime": 30.713133573532104, "_step": 0, "_wandb": {"runtime": 42}}