{"train_Accuracy": 0.8692592592592593, "train_Loss ": 0.36174251533893537, "val_Accuracy": 0.8626666666666667, "val_loss": 0.3922607674807338, "_timestamp": 1709989611.0588784, "_runtime": 114.00826930999756, "_step": 4, "_wandb": {"runtime": 113}}