{"train_Accuracy": 0.10018518518518518, "train_Loss ": 2.443819155128526, "val_Accuracy": 0.09833333333333333, "val_loss": 2.4488526947760954, "_timestamp": 1709995877.0312788, "_runtime": 101.11120891571045, "_step": 4, "_wandb": {"runtime": 98}}