{"train_Accuracy": 0.8081666666666667, "train_Loss ": 0.547499457104828, "val_Accuracy": 0.8063333333333333, "val_loss": 0.5640723288410334, "_timestamp": 1709989697.6509502, "_runtime": 70.46057915687561, "_step": 2, "_wandb": {"runtime": 69}}