{"train_Accuracy": 0.13044444444444445, "train_Loss ": 2.3025844504969277, "val_Accuracy": 0.12166666666666667, "val_loss": 2.302584486979002, "_timestamp": 1709996220.3057678, "_runtime": 98.37044882774353, "_step": 2, "_wandb": {"runtime": 97}}