{"train_Accuracy": 0.09264814814814815, "train_Loss ": 2.314690379220891, "val_Accuracy": 0.09016666666666667, "val_loss": 2.3177410843389783, "_timestamp": 1710002149.9524543, "_runtime": 203.55962824821472, "_step": 4, "_wandb": {"runtime": 202}}