{"train_Accuracy": 0.1002962962962963, "train_Loss ": 2.3895365217473996, "val_Accuracy": 0.10133333333333333, "val_loss": 2.387536795210449, "_timestamp": 1710000346.9236178, "_runtime": 69.1553258895874, "_step": 2, "_wandb": {"runtime": 67}}