{"train_Accuracy": 0.10092592592592593, "train_Loss ": 4.500005640436627, "val_Accuracy": 0.09166666666666666, "val_loss": 4.500005640436628, "_timestamp": 1710568979.0966752, "_runtime": 80.69869017601013, "_step": 2, "_wandb": {"runtime": 79}}