{"train_Accuracy": 0.10222222222222223, "train_Loss ": 2.3478074007064302, "val_Accuracy": 0.10416666666666667, "val_loss": 2.3441998688466734, "_timestamp": 1710000671.603934, "_runtime": 67.69397401809692, "_step": 4, "_wandb": {"runtime": 66}}