{"train_Accuracy": 0.09964814814814815, "train_Loss ": 2.479224430569733, "val_Accuracy": 0.10316666666666667, "val_loss": 2.471079040094904, "_timestamp": 1710001379.900918, "_runtime": 132.4039990901947, "_step": 4, "_wandb": {"runtime": 131}}