{"train_Accuracy": 0.10018518518518518, "train_Loss ": 2.4660081186127396, "val_Accuracy": 0.09833333333333333, "val_loss": 2.468850274181709, "_timestamp": 1709997157.9482973, "_runtime": 54.30448627471924, "_step": 2, "_wandb": {"runtime": 53}}