{"train_Accuracy": 0.06805555555555555, "train_Loss ": 2.3025851010979608, "val_Accuracy": 0.06916666666666667, "val_loss": 2.302585100678894, "_timestamp": 1710001788.7609963, "_runtime": 95.91816639900208, "_step": 4, "_wandb": {"runtime": 94}}