{"train_Accuracy": 0.09981481481481481, "train_Loss ": 2.310310190607036, "val_Accuracy": 0.10166666666666667, "val_loss": 2.309988281219722, "_timestamp": 1709996261.482213, "_runtime": 21.794481992721558, "_step": 0, "_wandb": {"runtime": 38}}