{"loss": 20.72326583693641, "Accuracy": 0.67635, "_timestamp": 1709385649.832264, "_runtime": 174.58152103424072, "_step": 4, "_wandb": {"runtime": 173}}