{"train_Accuracy": 0.10005555555555555, "train_Loss ": NaN, "val_Accuracy": 0.0995, "val_loss": NaN, "_timestamp": 1709987637.5379891, "_runtime": 78.72326302528381, "_step": 4, "_wandb": {"runtime": 77}}