{"train_Accuracy": 0.8834814814814815, "train_Loss ": 0.3179327641969845, "val_Accuracy": 0.8751666666666666, "val_loss": 0.3537913259360736, "_timestamp": 1709990716.7485723, "_runtime": 196.8175654411316, "_step": 4, "_wandb": {"runtime": 195}}