{"train_Accuracy": 0.8206111111111111, "train_Loss ": 0.5125604665738693, "val_Accuracy": 0.8133333333333334, "val_loss": 0.5243859869649967, "_timestamp": 1709992464.3503125, "_runtime": 97.39335346221924, "_step": 4, "_wandb": {"runtime": 96}}