{"train_Accuracy": 0.09964814814814815, "train_Loss ": 2.3038345550398622, "val_Accuracy": 0.10316666666666667, "val_loss": 2.302941136535374, "_timestamp": 1710568542.5308578, "_runtime": 102.66145968437195, "_step": 4, "_wandb": {"runtime": 101}}