{"train_Accuracy": 0.05611111111111111, "train_Loss ": 2.3655251328838474, "val_Accuracy": 0.058166666666666665, "val_loss": 2.3649942972095475, "_timestamp": 1710002356.4401453, "_runtime": 117.72323822975159, "_step": 4, "_wandb": {"runtime": 116}}