{"loss": 18.650939253151773, "Accuracy": 0.8524666666666667, "_timestamp": 1709394414.6624994, "_runtime": 481.47140741348267, "_step": 9, "_wandb": {"runtime": 480}}