{"train_Accuracy": 0.10018518518518518, "train_Loss ": 2.3025850787819735, "val_Accuracy": 0.09833333333333333, "val_loss": 2.3025850797951164, "_timestamp": 1709995608.2001355, "_runtime": 65.95250248908997, "_step": 2, "_wandb": {"runtime": 64}}