{"train_Accuracy": 0.09964814814814815, "train_Loss ": 2.302877682854913, "val_Accuracy": 0.10316666666666667, "val_loss": 2.30244951826455, "_timestamp": 1710002226.3995025, "_runtime": 57.58627152442932, "_step": 2, "_wandb": {"runtime": 56}}