{"loss": 0.4199310475310505, "Accuracy": 0.8505, "_timestamp": 1709443808.967785, "_runtime": 438.41746497154236, "_step": 9, "_wandb": {"runtime": 437}}