{"train_Accuracy": 0.10698148148148148, "train_Loss ": 2.3025850502350633, "val_Accuracy": 0.10916666666666666, "val_loss": 2.3025850138565853, "_timestamp": 1709999852.5242364, "_runtime": 42.51614832878113, "_step": 2, "_wandb": {"runtime": 45}}