{"loss": 18.65093925325177, "Accuracy": 0.8534333333333334, "_timestamp": 1709403028.5484269, "_runtime": 582.0437309741974, "_step": 9, "_wandb": {"runtime": 581}}