{"loss": 0.4193560770317035, "Accuracy": 0.8516, "_timestamp": 1709403734.655386, "_runtime": 513.2137749195099, "_step": 9, "_wandb": {"runtime": 512}}