{"train_Accuracy": 0.10005555555555555, "train_Loss ": NaN, "val_Accuracy": 0.0995, "val_loss": NaN, "_timestamp": 1709988159.0447037, "_runtime": 377.2916576862335, "_step": 4, "_wandb": {"runtime": 376}}