{"train_Accuracy": 0.8256851851851852, "train_Loss ": 0.5044373203359988, "val_Accuracy": 0.8178333333333333, "val_loss": 0.5156383871598444, "_timestamp": 1709989483.6203308, "_runtime": 94.32295179367065, "_step": 4, "_wandb": {"runtime": 92}}