{"train_Accuracy": 0.8618148148148148, "train_Loss ": 0.3794750014810948, "val_Accuracy": 0.8506666666666667, "val_loss": 0.40405203896212244, "_timestamp": 1709989375.5591743, "_runtime": 93.17102336883545, "_step": 2, "_wandb": {"runtime": 92}}