{"train_Accuracy": 0.1034074074074074, "train_Loss ": 2.3127867990162274, "val_Accuracy": 0.10716666666666666, "val_loss": 2.3103234473740955, "_timestamp": 1709997436.0912988, "_runtime": 267.522864818573, "_step": 4, "_wandb": {"runtime": 265}}