{"train_Accuracy": 0.8691851851851852, "train_Loss ": 0.35821856581051625, "val_Accuracy": 0.8583333333333333, "val_loss": 0.38142547028418416, "_timestamp": 1709988728.358089, "_runtime": 76.44944906234741, "_step": 4, "_wandb": {"runtime": 75}}