{"train_Accuracy": 0.10005555555555555, "train_Loss ": NaN, "val_Accuracy": 0.0995, "val_loss": NaN, "_timestamp": 1709987754.14885, "_runtime": 104.32884407043457, "_step": 4, "_wandb": {"runtime": 117}}