{"loss": 10.361631918478206, "Accuracy": 0.6092666666666666, "_timestamp": 1709385354.4996266, "_runtime": 158.67432856559753, "_step": 4, "_wandb": {"runtime": 157}}