{"train_Accuracy": 0.3010925925925926, "train_Loss ": 1.5018078801581003, "val_Accuracy": 0.30383333333333334, "val_loss": 1.5143339245910077, "_timestamp": 1710005982.5330217, "_runtime": 344.98098969459534, "_step": 4, "_wandb": {"runtime": 343}}