{"train_Accuracy": 0.09961111111111111, "train_Loss ": 2.52877883811226, "val_Accuracy": 0.1035, "val_loss": 2.523277115451276, "_timestamp": 1709996088.6484447, "_runtime": 20.781189680099487, "_step": 0}