{"loss": Infinity, "Accuracy": 0.1, "_timestamp": 1709379270.2112586, "_runtime": 138.71862268447876, "_step": 3, "_wandb": {"runtime": 155}}