{"train_Accuracy": 0.10092592592592593, "train_Loss ": 2.639886054708847, "val_Accuracy": 0.09166666666666666, "val_loss": 2.6540055133004232, "_timestamp": 1709996402.484354, "_runtime": 19.947174072265625, "_step": 0, "_wandb": {"runtime": 33}}