{"train_Accuracy": 0.8850370370370371, "train_Loss ": 0.31426668657569073, "val_Accuracy": 0.8753333333333333, "val_loss": 0.3529184068970097, "_timestamp": 1709991963.8200583, "_runtime": 152.0787603855133, "_step": 4, "_wandb": {"runtime": 150}}