{"train_Accuracy": 0.8497407407407407, "train_Loss ": 0.4405164190080532, "val_Accuracy": 0.8426666666666667, "val_loss": 0.45105930557564367, "_timestamp": 1709992794.9030485, "_runtime": 320.11635756492615, "_step": 4, "_wandb": {"runtime": 319}}