{"train_Accuracy": 0.8622222222222222, "train_Loss ": 0.3784083167134209, "val_Accuracy": 0.8571666666666666, "val_loss": 0.38461826237562824, "_timestamp": 1710050837.2117229, "_runtime": 25.506579875946045, "_step": 0, "_wandb": {"runtime": 26}}