{"train_Accuracy": 0.8777222222222222, "train_Loss ": 0.33853164892130366, "val_Accuracy": 0.8713333333333333, "val_loss": 0.35560841383626357, "_timestamp": 1710050128.5187445, "_runtime": 49.40642857551575, "_step": 1, "_wandb": {"runtime": 48}}