{"train_Accuracy": 0.09964814814814815, "train_Loss ": 2.3987096754622095, "val_Accuracy": 0.10316666666666667, "val_loss": 2.3890427565995385, "_timestamp": 1710001235.06356, "_runtime": 96.11065793037415, "_step": 4, "_wandb": {"runtime": 94}}