{"train_Accuracy": 0.10092592592592593, "train_Loss ": 2.302579230705451, "val_Accuracy": 0.09166666666666666, "val_loss": 2.3026937879238742, "_timestamp": 1710526803.495339, "_runtime": 153.42215085029602, "_step": 4, "_wandb": {"runtime": 152}}