{"train_Accuracy": 0.10005555555555555, "train_Loss ": NaN, "val_Accuracy": 0.0995, "val_loss": NaN, "_timestamp": 1710004949.0979037, "_runtime": 39.57652974128723, "_step": 1, "_wandb": {"runtime": 41}}