{"train_Accuracy": 0.10024074074074074, "train_Loss ": 2.431708311365375, "val_Accuracy": 0.09783333333333333, "val_loss": 2.423302366432065, "_timestamp": 1710000402.5060964, "_runtime": 44.86917328834534, "_step": 2, "_wandb": {"runtime": 43}}