{"train_Accuracy": 0.8836851851851852, "train_Loss ": 0.3167205640290651, "val_Accuracy": 0.8761666666666666, "val_loss": 0.3530817928123104, "_timestamp": 1709991508.6579993, "_runtime": 151.89531230926514, "_step": 4, "_wandb": {"runtime": 150}}