{"train_Accuracy": 0.10018518518518518, "train_Loss ": 2.71123858483664, "val_Accuracy": 0.09833333333333333, "val_loss": 2.7182240495147187, "_timestamp": 1710002422.9727871, "_runtime": 56.32280206680298, "_step": 2, "_wandb": {"runtime": 55}}