{"train_Accuracy": 0.8712777777777778, "train_Loss ": 0.3580414410055704, "val_Accuracy": 0.8621666666666666, "val_loss": 0.387316150949388, "_timestamp": 1710005430.4397538, "_runtime": 79.69625973701477, "_step": 3, "_wandb": {"runtime": 93}}