{"train_Accuracy": 0.10005555555555555, "train_Loss ": NaN, "val_Accuracy": 0.0995, "val_loss": NaN, "_timestamp": 1709988615.8728209, "_runtime": 267.55552196502686, "_step": 4, "_wandb": {"runtime": 266}}