{"train_Accuracy": 0.1077037037037037, "train_Loss ": 2.3499289492664674, "val_Accuracy": 0.11166666666666666, "val_loss": 2.339026886318252, "_timestamp": 1709996971.2047129, "_runtime": 78.09712886810303, "_step": 4, "_wandb": {"runtime": 76}}