{"train_Accuracy": 0.8668888888888889, "train_Loss ": 0.3729054164555925, "val_Accuracy": 0.8568333333333333, "val_loss": 0.37972868443086116, "_timestamp": 1710050363.5140853, "_runtime": 25.04249334335327, "_step": 0, "_wandb": {"runtime": 25}}