{"train_Accuracy": 0.08653703703703704, "train_Loss ": 2.302585092793654, "val_Accuracy": 0.081, "val_loss": 2.30258509298885, "_timestamp": 1710002493.8351064, "_runtime": 52.87594246864319, "_step": 2, "_wandb": {"runtime": 51}}