{"loss": Infinity, "Accuracy": 0.1, "_timestamp": 1708864129.7846272, "_runtime": 42.53703308105469, "_step": 0, "_wandb": {"runtime": 64}}