{"train_Accuracy": 0.8646666666666667, "train_Loss ": 0.37702492269793564, "val_Accuracy": 0.8603333333333333, "val_loss": 0.3865020011881438, "_timestamp": 1710048612.5319304, "_runtime": 26.25638747215271, "_step": 0, "_wandb": {"runtime": 26}}