{"train_Accuracy": 0.09985185185185186, "train_Loss ": 2.3043690566442745, "val_Accuracy": 0.10133333333333333, "val_loss": 2.303566226286256, "_timestamp": 1709996856.9190266, "_runtime": 307.67202258110046, "_step": 4, "_wandb": {"runtime": 306}}