{"loss": 18.02710679064782, "Accuracy": 0.7586166666666667, "_timestamp": 1709402407.5070107, "_runtime": 108.75988960266113, "_step": 1, "_wandb": {"runtime": 123}}