{"train_Accuracy": 0.12387037037037037, "train_Loss ": 2.358400834036824, "val_Accuracy": 0.12133333333333333, "val_loss": 2.3645082868263496, "_timestamp": 1709995708.3058438, "_runtime": 74.10133671760559, "_step": 4, "_wandb": {"runtime": 72}}