{"train_Accuracy": 0.8440555555555556, "train_Loss ": 0.45517403067183515, "val_Accuracy": 0.8378333333333333, "val_loss": 0.46079095530847886, "_timestamp": 1709992357.8156242, "_runtime": 155.8283393383026, "_step": 4, "_wandb": {"runtime": 149}}