{"loss": 0.42094833830338946, "Accuracy": 0.8497333333333333, "_timestamp": 1709444404.1303787, "_runtime": 497.11145663261414, "_step": 9, "_wandb": {"runtime": 496}}