{"train_Accuracy": 0.7012222222222222, "train_Loss ": 0.7717003404200538, "val_Accuracy": 0.6943333333333334, "val_loss": 0.7845110345417328, "_timestamp": 1709989271.757552, "_runtime": 70.6085557937622, "_step": 2, "_wandb": {"runtime": 69}}