{"train_Accuracy": 0.10092592592592593, "train_Loss ": 2.3025783676853, "val_Accuracy": 0.09166666666666666, "val_loss": 2.302684985741708, "_timestamp": 1709990950.1957934, "_runtime": 104.93218350410461, "_step": 2, "_wandb": {"runtime": 103}}