{"train_Accuracy": 0.09964814814814815, "train_Loss ": 2.3241095967066396, "val_Accuracy": 0.10316666666666667, "val_loss": 2.326659421650078, "_timestamp": 1710526347.0499084, "_runtime": 597.2329423427582, "_step": 4, "_wandb": {"runtime": 595}}